PDatTime;BASET;CO2;CO2_pressure
Value;Value;Value;Value
Unit;Unit;Unit;Unit

14.02.2022  19:24:54;0.0;1.2677242172960825;1.058
14.02.2022  19:25:54;0.006663971629301545;1.2726810978857765;1.058
14.02.2022  19:26:54;0.013359003341641536;1.2775854626111198;1.058
14.02.2022  19:27:54;0.020085123500290743;1.2824309338067093;1.058
14.02.2022  19:28:54;0.026842350614751626;1.2872104563611133;1.058
14.02.2022  19:29:54;0.033630692203582;1.2919162156730792;1.058
14.02.2022  19:30:54;0.04045014359480603;1.2965395326315514;1.058
14.02.2022  19:31:54;0.0473006865192241;1.3010707441338174;1.058
14.02.2022  19:32:54;0.05418228755339691;1.3054990562998516;1.058
14.02.2022  19:33:54;0.06109489631803461;1.3098123827297417;1.058
14.02.2022  19:34:54;0.0680384432438094;1.3139971722525072;1.058
14.02.2022  19:35:54;0.0750128370907673;1.3180381691263248;1.058
14.02.2022  19:36:54;0.08201796222413373;1.3219181341747557;1.058
14.02.2022  19:37:54;0.08905367542759689;1.3256175139281665;1.058
14.02.2022  19:38:54;0.09611980211203343;1.3291140737476257;1.058
14.02.2022  19:39:54;0.10321613182399247;1.3323824490485061;1.058
14.02.2022  19:40:54;0.11034241303681076;1.3353935502633874;1.058
14.02.2022  19:41:54;0.11749834703199676;1.338113887996503;1.058
14.02.2022  19:42:54;0.12468373476014298;1.3407134300412957;1.058
14.02.2022  19:43:54;0.13190131922073975;1.346998765043498;1.058
14.02.2022  19:44:55;0.13915393426108294;1.3532725344216403;1.058
14.02.2022  19:45:55;0.146441700304281;1.359551819051165;1.058
14.02.2022  19:46:55;0.15376475034268128;1.365835925762049;1.058
14.02.2022  19:47:55;0.16112321678054803;1.3721241096039114;1.058
14.02.2022  19:48:55;0.16851723136565844;1.3784155853594022;1.058
14.02.2022  19:49:55;0.17594692511932478;1.3847095245873218;1.058
14.02.2022  19:50:55;0.18341242826149848;1.391005046082257;1.058
14.02.2022  19:51:55;0.19091387013060024;1.397301212869297;1.058
14.02.2022  19:52:55;0.198451379099204;1.4035970340212864;1.058
14.02.2022  19:53:55;0.206025082485208;1.4098914508564986;1.058
14.02.2022  19:54:55;0.21363510645852854;1.4161833501208843;1.058
14.02.2022  19:55:55;0.221281575943365;1.4224715591289856;1.058
14.02.2022  19:56:55;0.22896461451424185;1.4287548323309656;1.058
14.02.2022  19:57:55;0.23668434428499469;1.4350318467512557;1.058
14.02.2022  19:58:55;0.24444088579135428;1.4413012049962786;1.058
14.02.2022  19:59:55;0.2522343578664418;1.4475614134686436;1.058
14.02.2022  20:00:55;0.2600648775094053;1.453810903900101;1.058
14.02.2022  20:01:55;0.26793255974764596;1.4600480251036818;1.058
14.02.2022  20:02:55;0.2758375174899875;1.4662710228158056;1.058
14.02.2022  20:03:55;0.2837798613692196;1.472478032684755;1.058
14.02.2022  20:04:55;0.2917596995752516;1.4786670856086992;1.058
14.02.2022  20:05:55;0.29977713767643205;1.4848360722032274;1.058
14.02.2022  20:06:55;0.30783227843103833;1.4909827794542363;1.058
14.02.2022  20:07:55;0.31592522159103736;1.4971048765263029;1.058
14.02.2022  20:08:55;0.3240560636911282;1.5031998835619291;1.058
14.02.2022  20:09:55;0.33222489782050385;1.5092651607376006;1.058
14.02.2022  20:10:56;0.34043181338147727;1.5152979182746869;1.058
14.02.2022  20:11:56;0.3486768958273177;1.5212951565063866;1.058
14.02.2022  20:12:56;0.356960226387046;1.5272537307762266;1.058
14.02.2022  20:13:56;0.36528188178366855;1.533170326545086;1.058
14.02.2022  20:14:56;0.37364193392639716;1.5390414095949727;1.058
14.02.2022  20:15:56;0.38204044957330896;1.5448632086968093;1.058
14.02.2022  20:16:56;0.3904774899768207;1.5506317352450327;1.058
14.02.2022  20:17:56;0.39895311049117044;1.55634267875667;1.058
14.02.2022  20:18:56;0.40746736016487733;1.5619915262068846;1.058
14.02.2022  20:19:56;0.41602028133490676;1.5675735174281489;1.058
14.02.2022  20:20:56;0.42461190917233277;1.5730835633105567;1.058
14.02.2022  20:21:56;0.43324227117591996;1.5785162180992398;1.058
14.02.2022  20:22:56;0.4419113866461886;1.583865719409964;1.058
14.02.2022  20:23:56;0.45061926608811836;1.589125800336786;1.058
14.02.2022  20:24:56;0.45936591060274856;1.5942899167907985;1.058
14.02.2022  20:25:56;0.46815131130728616;1.5993511660292858;1.058
14.02.2022  20:26:56;0.47697544866218505;1.6043021489725038;1.058
14.02.2022  20:27:56;0.48583829170535187;1.609134926149053;1.058
14.02.2022  20:28:56;0.49473979727283424;1.613841101958347;1.058
14.02.2022  20:29:57;0.5036799090839014;1.6184114788295771;1.058
14.02.2022  20:30:57;0.5126585568383019;1.6228365034430745;1.058
14.02.2022  20:31:57;0.5216756554151486;1.627106116210579;1.058
14.02.2022  20:32:57;0.53073110389223;1.6312095162834768;1.058
14.02.2022  20:33:57;0.5398247844012128;1.635135094249533;1.058
14.02.2022  20:34:57;0.5489565610027746;1.6388706135949904;1.058
14.02.2022  20:35:57;0.558126278308656;1.6424025713272816;1.058
14.02.2022  20:36:57;0.5673337601948564;1.6457170875209337;1.058
14.02.2022  20:37:57;0.5765788087999937;1.6487996298186913;1.058
14.02.2022  20:38:57;0.5858612031850561;1.6516346165622056;1.058
14.02.2022  20:39:57;0.5951806977171241;1.6542053272847794;1.058
14.02.2022  20:40:57;0.6045370205830828;1.6564942924403938;1.058
14.02.2022  20:41:57;0.6139298718731826;1.6584821646500285;1.058
14.02.2022  20:42:57;0.6233589219780195;1.6601494527686012;1.058
14.02.2022  20:43:57;0.6328238106898055;1.661476048282818;1.058
14.02.2022  20:44:57;0.6423241457185089;1.6624406015138689;1.058
14.02.2022  20:45:57;0.6518595008102035;1.6630204565761602;1.058
14.02.2022  20:46:57;0.6614294142798506;1.6631924336438273;1.058
14.02.2022  20:47:57;0.671033387044179;1.662931205110065;1.058
14.02.2022  20:48:57;0.6806708814823571;1.662212258977614;1.058
14.02.2022  20:49:57;0.6903413217591655;1.6610112523564646;1.058
14.02.2022  20:50:57;0.7000440933916059;1.6593032586693934;1.058
14.02.2022  20:51:57;0.7097785425087221;1.6570629329766529;1.058
14.02.2022  20:52:57;0.7195439760318844;1.6542657248664188;1.058
14.02.2022  20:53:57;0.7293396623640769;1.6508873268840325;1.058
14.02.2022  20:54:58;0.7391648335914536;1.646906410806418;1.058
14.02.2022  20:55:58;0.7490186895084193;1.6423045027533836;1.058
14.02.2022  20:56:58;0.7589004017306366;1.637065957615856;1.058
14.02.2022  20:57:58;0.7688091185482646;1.6311788718119966;1.058
14.02.2022  20:58:58;0.7787439707475203;1.624635436234003;1.058
14.02.2022  20:59:58;0.788704082681896;1.617439082595095;1.058
14.02.2022  21:00:58;0.7986885834448589;1.6095972139949002;1.058
14.02.2022  21:01:58;0.8086966155223705;1.6011245534939007;1.058
14.02.2022  21:02:58;0.8187273480950625;1.5920463959071152;1.058
14.02.2022  21:03:58;0.8287799940714696;1.5824005238274594;1.058
14.02.2022  21:04:58;0.8388538250702452;1.5722321396555048;1.058
14.02.2022  21:05:58;0.848948198192491;1.5616156268787984;1.058
14.02.2022  21:06:58;0.8590625737635591;1.5506197227338376;1.058
14.02.2022  21:07:58;0.869196516887287;1.5393192692456985;1.058
14.02.2022  21:08:58;0.8793497131958101;1.527803895965102;1.058
14.02.2022  21:09:58;0.8895219913749978;1.5161789397788965;1.058
14.02.2022  21:10:58;0.8997133291288899;1.504541178729937;1.058
14.02.2022  21:11:58;0.9099238707722134;1.493019613347685;1.058
14.02.2022  21:12:58;0.9201539312717127;1.4817158350352944;1.058
14.02.2022  21:13:59;0.9304039661722487;1.4707160303965876;1.058
14.02.2022  21:14:59;0.9406745608918922;1.460106629465243;1.058
14.02.2022  21:15:59;0.9509664301114801;1.4499729924262177;1.058
14.02.2022  21:16:59;0.9612804155674259;1.4403985594123938;1.058
14.02.2022  21:17:59;0.971617463155261;1.4314370354310915;1.058
14.02.2022  21:18:59;0.9819785856651478;1.4231203936684025;1.058
14.02.2022  21:19:59;0.9923648392382497;1.4154701256110829;1.058
14.02.2022  21:20:59;1.002777306441177;1.4084953126576532;1.058
14.02.2022  21:21:59;1.0132170776387208;1.4021922287649007;1.058
14.02.2022  21:22:59;1.023685236352969;1.3965502535093823;1.058
14.02.2022  21:23:59;1.034182830801325;1.3915268347813157;1.058
14.02.2022  21:24:59;1.0447108619223724;1.3870953211929888;1.058
14.02.2022  21:25:59;1.0552702928153284;1.38322669097341;1.058
14.02.2022  21:26:59;1.065862039808087;1.3798823590395177;1.058
14.02.2022  21:27:59;1.076486958570199;1.3770145034197643;1.058
14.02.2022  21:28:59;1.0871458399133984;1.374579085086063;1.058
14.02.2022  21:29:59;1.097839404560254;1.3725213734829618;1.058
14.02.2022  21:30:59;1.1085683101574304;1.3708072585418296;1.058
14.02.2022  21:31:59;1.1193331683435068;1.3694057483002822;1.058
14.02.2022  21:32:59;1.1301345438135197;1.3682816063921126;1.058
14.02.2022  21:33:59;1.140972948154694;1.3673954956857926;1.058
14.02.2022  21:34:59;1.1518488470681243;1.3667222617650718;1.058
14.02.2022  21:36:00;1.1627626649958673;1.366229054548466;1.058
14.02.2022  21:37:00;1.1737147862221202;1.3658923172266055;1.058
14.02.2022  21:38:00;1.1847055655393286;1.3656939491776192;1.058
14.02.2022  21:39:00;1.195735330976979;1.3656142083495266;1.058
14.02.2022  21:40:00;1.2068043813912406;1.3656317309869992;1.058
14.02.2022  21:41:00;1.2179129989503965;1.3657439945444778;1.058
14.02.2022  21:42:00;1.2290614526207868;1.3659344643874622;1.058
14.02.2022  21:43:00;1.2402499892095158;1.3661883188451194;1.058
14.02.2022  21:44:00;1.2514788391863017;1.366497047131723;1.058
14.02.2022  21:45:00;1.2627482207915506;1.3668514971829047;1.058
14.02.2022  21:46:00;1.2740583390865734;1.367241872400639;1.058
14.02.2022  21:47:00;1.2854093993382167;1.367677422559726;1.058
14.02.2022  21:48:00;1.2968016072222175;1.368148638412554;1.058
14.02.2022  21:49:00;1.3082351548952653;1.368645639038023;1.058
14.02.2022  21:50:00;1.3197102251727229;1.3691646571407625;1.058
14.02.2022  21:51:00;1.3312269957768246;1.3697016545366016;1.058
14.02.2022  21:52:00;1.342785638933828;1.3702523185546094;1.058
14.02.2022  21:53:00;1.3543863340323081;1.370829985215973;1.058
14.02.2022  21:54:00;1.3660292653838213;1.3714272689924203;1.058
14.02.2022  21:55:00;1.3777146071630966;1.3720368373680532;1.058
14.02.2022  21:56:01;1.389442527469989;1.3726568769016732;1.058
14.02.2022  21:57:01;1.4012131922504958;1.373285438290186;1.058
14.02.2022  21:58:01;1.4130267650943644;1.3739204340982003;1.058
14.02.2022  21:59:01;1.4248834192365862;1.3745763683531083;1.058
14.02.2022  22:00:01;1.436783333765657;1.3752459534254036;1.058
14.02.2022  22:01:01;1.4487266785607051;1.375923038971088;1.058
14.02.2022  22:02:01;1.4607136187960348;1.3766065089523565;1.058
14.02.2022  22:03:01;1.4727443185486375;1.3772951598114074;1.058
14.02.2022  22:04:01;1.4848189406677348;1.377987698896102;1.058
14.02.2022  22:05:01;1.4969376591301282;1.3786998452764758;1.058
14.02.2022  22:06:01;1.5091006539062763;1.3794232715167247;1.058
14.02.2022  22:07:01;1.521308095165834;1.3801520574317092;1.058
14.02.2022  22:08:01;1.5335601486589219;1.380885242057545;1.058
14.02.2022  22:09:01;1.545856979283721;1.381621792602151;1.058
14.02.2022  22:10:01;1.5581987509794037;1.3823606031548388;1.058
14.02.2022  22:11:01;1.5705856412843833;1.383120565203167;1.058
14.02.2022  22:12:01;1.5830178342167271;1.38389082511165;1.058
14.02.2022  22:13:01;1.5954955016035128;1.3846647147541342;1.058
14.02.2022  22:14:01;1.6080188101948634;1.3854411129986959;1.058
14.02.2022  22:15:02;1.6205879256635827;1.3862188266912447;1.058
14.02.2022  22:16:02;1.6332030124978387;1.3869965894136105;1.058
14.02.2022  22:17:02;1.645864254870818;1.387801751107729;1.058
14.02.2022  22:18:02;1.6585718451147948;1.3886172757282798;1.058
14.02.2022  22:19:02;1.6713259592710525;1.3894370653033232;1.058
14.02.2022  22:20:02;1.6841267708614889;1.3902629154254895;1.058
14.02.2022  22:21:02;1.6969744566997924;1.3910966747499274;1.058
14.02.2022  22:22:02;1.70986919697011;1.3919402453714187;1.058
14.02.2022  22:23:02;1.7228111626464508;1.3927782747628255;1.058
14.02.2022  22:24:02;1.7358005205845475;1.3936196285312903;1.058
14.02.2022  22:25:02;1.7488374476065276;1.3944682035487526;1.058
14.02.2022  22:26:02;1.761922123875384;1.3953237968830676;1.058
14.02.2022  22:27:02;1.7750547298742148;1.3961861751613074;1.058
14.02.2022  22:28:02;1.7882354463608279;1.397055073992177;1.058
14.02.2022  22:29:02;1.8014644543014156;1.3979301663201993;1.058
14.02.2022  22:30:02;1.8147419350266203;1.3988114019725688;1.058
14.02.2022  22:31:02;1.8280680704656718;1.3996987694141332;1.058
14.02.2022  22:32:02;1.8414430431565483;1.400592222549513;1.058
14.02.2022  22:33:02;1.8548670362060253;1.4014916943546407;1.058
14.02.2022  22:34:02;1.8683402332584413;1.4023970964473422;1.058
14.02.2022  22:35:02;1.8818628185183421;1.4033083893335496;1.058
14.02.2022  22:36:03;1.8954349767596528;1.4042254980070923;1.058
14.02.2022  22:37:03;1.9090568933485872;1.405148409668587;1.058
14.02.2022  22:38:03;1.9227287542941889;1.406077108233516;1.058
14.02.2022  22:39:03;1.9364507462336544;1.4070115599456479;1.058
14.02.2022  22:40:03;1.9502230564059575;1.4079517130145924;1.058
14.02.2022  22:41:03;1.9640458726740249;1.4088975603515823;1.058
14.02.2022  22:42:03;1.977919383516156;1.409849039276633;1.058
14.02.2022  22:43:03;1.9918437780304432;1.4108061439542374;1.058
14.02.2022  22:44:03;2.00581924598182;1.4117688655539269;1.058
14.02.2022  22:45:03;2.019845977789018;1.4127371795386319;1.058
14.02.2022  22:46:03;2.0339241645011286;1.4137110453487216;1.058
14.02.2022  22:47:03;2.0480539978269703;1.414690474733162;1.058
14.02.2022  22:48:03;2.062235670121204;1.4156754089946728;1.058
14.02.2022  22:49:03;2.0764693743766443;1.4166658444360942;1.058
14.02.2022  22:50:03;2.0907553042710845;1.4176617756055025;1.058
14.02.2022  22:51:03;2.1050936541562812;1.4186631829082545;1.058
14.02.2022  22:52:03;2.119484619036854;1.4196700323287543;1.058
14.02.2022  22:53:03;2.1339283946140015;1.4206823599302574;1.058
14.02.2022  22:54:03;2.1484251772632046;1.4217001020976066;1.058
14.02.2022  22:55:03;2.162975164008664;1.4227232548971687;1.058
14.02.2022  22:56:03;2.17757855257562;1.4237518151558712;1.058
14.02.2022  22:57:03;2.192235541382116;1.4247857668821686;1.058
14.02.2022  22:58:04;2.206946329519882;1.425825081019513;1.058
14.02.2022  22:59:04;2.2217111168193355;1.4268698260588626;1.058
14.02.2022  23:00:04;2.2365301038125316;1.4279199232351798;1.058
14.02.2022  23:01:04;2.251403491682627;1.4289753668519;1.058
14.02.2022  23:02:04;2.266331482328801;1.4300361554578442;1.058
14.02.2022  23:03:04;2.281314278361375;1.4311022759246925;1.058
14.02.2022  23:04:04;2.296352083084397;1.4321737032274087;1.058
14.02.2022  23:05:04;2.311445100591112;1.4332505500237882;1.058
14.02.2022  23:06:04;2.3265935357024534;1.4343327082813022;1.058
14.02.2022  23:07:04;2.341797593881975;1.4354201692671296;1.058
14.02.2022  23:08:04;2.357057481323556;1.4365129330036472;1.058
14.02.2022  23:09:04;2.3723734049505207;1.437610988833629;1.058
14.02.2022  23:10:04;2.387745572399715;1.4387143152238242;1.058
14.02.2022  23:11:04;2.4031741921612357;1.439823087379673;1.058
14.02.2022  23:12:04;2.418659473476955;1.4409371463482503;1.058
14.02.2022  23:13:04;2.4342016262065505;1.442056479196317;1.058
14.02.2022  23:14:04;2.449800860954015;1.4431810875750821;1.058
14.02.2022  23:15:04;2.4654573890716662;1.4443109633459343;1.058
14.02.2022  23:16:04;2.481171422645553;1.4454460884041738;1.058
14.02.2022  23:17:04;2.4969431747012325;1.44658673018548;1.058
14.02.2022  23:18:04;2.51277285903653;1.4477326436544165;1.058
14.02.2022  23:19:04;2.5286606900161503;1.4488838107371578;1.058
14.02.2022  23:20:04;2.54460688276347;1.4500402355703137;1.058
14.02.2022  23:21:05;2.5606116531706986;1.4512019133234586;1.058
14.02.2022  23:22:05;2.5766752178855197;1.4523688300407624;1.058
14.02.2022  23:23:05;2.5927977946182055;1.4535413941733637;1.058
14.02.2022  23:24:05;2.608979601864563;1.45471921540816;1.058
14.02.2022  23:25:05;2.6252208585931056;1.4559022703145104;1.058
14.02.2022  23:26:05;2.64152178454727;1.457090567741875;1.058
14.02.2022  23:27:05;2.6578826002635267;1.458284108386031;1.058
14.02.2022  23:28:05;2.6743035270592332;1.4594828846472216;1.058
14.02.2022  23:29:05;2.6907847874991377;1.4606875271554078;1.058
14.02.2022  23:30:05;2.707326604931838;1.4618973982268137;1.058
14.02.2022  23:31:05;2.723929203011204;1.4631124709497385;1.058
14.02.2022  23:32:05;2.740592806187801;1.4643327639550392;1.058
14.02.2022  23:33:05;2.757317639737369;1.465558288622091;1.058
14.02.2022  23:34:05;2.774103929750012;1.4667890489532787;1.058
14.02.2022  23:35:05;2.7909519038517705;1.4680260330012413;1.058
14.02.2022  23:36:05;2.8078617904197762;1.4692681776210146;1.058
14.02.2022  23:37:05;2.8248338178439028;1.4705154598221482;1.058
14.02.2022  23:38:05;2.8418682153465524;1.4717679191597477;1.058
14.02.2022  23:39:05;2.8589652130244425;1.4730255891176693;1.058
14.02.2022  23:40:05;2.8761250418395603;1.4742884970013093;1.058
14.02.2022  23:41:05;2.893347933696601;1.4755580803468047;1.058
14.02.2022  23:42:05;2.910634123009838;1.4768328930610781;1.058
14.02.2022  23:43:06;2.927983845359421;1.4781127805515348;1.058
14.02.2022  23:44:06;2.9453973346068247;1.479397661522863;1.058
14.02.2022  23:45:06;2.9628748228397037;1.4806874558023921;1.058
14.02.2022  23:46:06;2.980415364533578;1.4820439618079508;1.058
14.02.2022  23:47:06;2.997998216196383;1.4844423882515612;1.058
14.02.2022  23:48:06;3.0156036856707487;1.4868402838282782;1.058
14.02.2022  23:49:06;3.0332317685302246;1.4892398980117618;1.058
14.02.2022  23:50:06;3.0508824914182022;1.4916435942242463;1.058
14.02.2022  23:51:06;3.068555913199579;1.494053793909039;1.058
14.02.2022  23:52:06;3.086252125742276;1.4964729766457856;1.058
14.02.2022  23:53:06;3.1039710682927093;1.4988760130012102;1.058
14.02.2022  23:54:06;3.121712667899824;1.5012862302315273;1.058
14.02.2022  23:55:06;3.1394770062824118;1.5037032655372264;1.058
14.02.2022  23:56:06;3.1572641559876793;1.5061261223723237;1.058
14.02.2022  23:57:06;3.175074175857561;1.508553764858109;1.058
14.02.2022  23:58:06;3.1929071104981492;1.5109851175895568;1.058
14.02.2022  23:59:06;3.210762994320759;1.5134197448666746;1.058
15.02.2022  00:00:06;3.22864186310378;1.5158582885460303;1.058
15.02.2022  00:01:06;3.2465437566791264;1.518300711946545;1.058
15.02.2022  00:02:06;3.2644687142819553;1.520746966217272;1.058
15.02.2022  00:03:06;3.28241677439829;1.5231969920303967;1.058
15.02.2022  00:04:06;3.300387974626909;1.5256507200072877;1.058
15.02.2022  00:05:06;3.3183823533106436;1.5281083331168175;1.058
15.02.2022  00:06:06;3.3363999487853695;1.5305696504187505;1.058
15.02.2022  00:07:06;3.3544407982427806;1.5330346859585018;1.058
15.02.2022  00:08:07;3.3725049389895028;1.535503445820003;1.058
15.02.2022  00:09:07;3.3905924083394665;1.5379759280520764;1.058
15.02.2022  00:10:07;3.4087032435115696;1.5404521235275013;1.058
15.02.2022  00:11:07;3.4268374819306864;1.5429320750020479;1.058
15.02.2022  00:12:07;3.444995160897226;1.5454157242547093;1.058
15.02.2022  00:13:07;3.4631763173674397;1.547903081406235;1.058
15.02.2022  00:14:07;3.481380988364575;1.5503941493099267;1.058
15.02.2022  00:15:07;3.4996092108806467;1.5528889234870715;1.058
15.02.2022  00:16:07;3.517861021783883;1.5553873930345068;1.058
15.02.2022  00:17:07;3.5361364579762933;1.5578895768749164;1.058
15.02.2022  00:18:07;3.554435556274097;1.5603954463350234;1.058
15.02.2022  00:19:07;3.5727583533344722;1.562905009455092;1.058
15.02.2022  00:20:07;3.591104885858146;1.5654182676591257;1.058
15.02.2022  00:21:07;3.6094751904999853;1.5679352156981465;1.058
15.02.2022  00:22:07;3.627869303790927;1.5704558433919007;1.058
15.02.2022  00:23:07;3.6462872623673794;1.5729801795652265;1.058
15.02.2022  00:24:07;3.6647291027952402;1.575508187888956;1.058
15.02.2022  00:25:07;3.6831948614281447;1.5780398761307985;1.058
15.02.2022  00:26:07;3.7016845746638887;1.5805752460572233;1.058
15.02.2022  00:27:07;3.7201982788633456;1.5831142933835516;1.058
15.02.2022  00:28:07;3.738736010290366;1.5856570109427655;1.058
15.02.2022  00:29:07;3.757297805431419;1.5882034419300206;1.058
15.02.2022  00:30:08;3.775883700695682;1.590753534621061;1.058
15.02.2022  00:31:08;3.7944937321789545;1.59330729714103;1.058
15.02.2022  00:32:08;3.8131279360298733;1.5958647321714785;1.058
15.02.2022  00:33:08;3.8317863483763626;1.5984258369063429;1.058
15.02.2022  00:34:08;3.8504690052863926;1.600990608191436;1.058
15.02.2022  00:35:08;3.8691759431739947;1.6035591035340175;1.058
15.02.2022  00:36:08;3.887907198352691;1.6061312534356393;1.058
15.02.2022  00:37:08;3.906662806708002;1.608707066755829;1.058
15.02.2022  00:38:08;3.9254428041916345;1.6112865474137334;1.058
15.02.2022  00:39:08;3.9442472267547424;1.6138696943491877;1.058
15.02.2022  00:40:08;3.9630761103329832;1.6164565092574426;1.058
15.02.2022  00:41:08;3.9819294913350425;1.6190470636486936;1.058
15.02.2022  00:42:08;4.000807406029151;1.621641268079125;1.058
15.02.2022  00:43:08;4.0197098901292225;1.6242391325802858;1.058
15.02.2022  00:44:08;4.038636979434269;1.6268406627014533;1.058
15.02.2022  00:45:08;4.057588709767854;1.6294458594751307;1.058
15.02.2022  00:46:08;4.076565116991445;1.6320547304309583;1.058
15.02.2022  00:47:08;4.095566237567563;1.6346673602590256;1.058
15.02.2022  00:48:08;4.1145921077598535;1.6372836376523765;1.058
15.02.2022  00:49:08;4.133642763142129;1.6399035743679329;1.058
15.02.2022  00:50:08;4.152718239399392;1.6425271781024302;1.058
15.02.2022  00:51:08;4.171818572272996;1.6451544524617918;1.058
15.02.2022  00:52:09;4.190943797605636;1.6477854118228619;1.058
15.02.2022  00:53:09;4.2100939519593705;1.6504201516054886;1.058
15.02.2022  00:54:09;4.2292690716212284;1.653058538455592;1.058
15.02.2022  00:55:09;4.248469192055726;1.6557005864651224;1.058
15.02.2022  00:56:09;4.267694348872654;1.6583463060583046;1.058
15.02.2022  00:57:09;4.286944577777539;1.6609957039644287;1.058
15.02.2022  00:58:09;4.30621991464823;1.6636488019827558;1.058
15.02.2022  00:59:09;4.32552039616695;1.6663057007410684;1.058
15.02.2022  01:00:09;4.344846058654947;1.6689662489110282;1.058
15.02.2022  01:01:09;4.3641969375088525;1.6716304633891803;1.058
15.02.2022  01:02:09;4.3835730683107625;1.6742983577683601;1.058
15.02.2022  01:03:09;4.402974486783621;1.6769699423135065;1.058
15.02.2022  01:04:09;4.422401228890969;1.6796452454344928;1.058
15.02.2022  01:05:09;4.441853331411576;1.6823243627654683;1.058
15.02.2022  01:06:09;4.4613308306901125;1.6850071371114301;1.058
15.02.2022  01:07:09;4.480833762125242;1.6876935880595012;1.058
15.02.2022  01:08:09;4.500362161339484;1.6903837322201725;1.058
15.02.2022  01:09:09;4.519916064139017;1.6930775832057692;1.058
15.02.2022  01:10:09;4.539495506612146;1.6957751722537924;1.058
15.02.2022  01:11:09;4.559100525540871;1.6984765741225423;1.058
15.02.2022  01:12:09;4.578731157259372;1.7011816504582062;1.058
15.02.2022  01:13:09;4.5983874372903735;1.7038904220015678;1.058
15.02.2022  01:14:09;4.618069401397732;1.706602906781977;1.058
15.02.2022  01:15:09;4.637777085549814;1.709319120098041;1.058
15.02.2022  01:16:10;4.657510525969124;1.7120390873502578;1.058
15.02.2022  01:17:10;4.677269759259996;1.7147628428094925;1.058
15.02.2022  01:18:10;4.697054821698736;1.7174903064129745;1.058
15.02.2022  01:19:10;4.7168657491219586;1.7202214958480604;1.058
15.02.2022  01:20:10;4.736702577567288;1.7229564262466779;1.058
15.02.2022  01:21:10;4.756565343238866;1.725695110167729;1.058
15.02.2022  01:22:10;4.776454082445048;1.7284375534876895;1.058
15.02.2022  01:23:10;4.796368831383658;1.731183736860666;1.058
15.02.2022  01:24:10;4.816309626248029;1.7339336819171145;1.058
15.02.2022  01:25:10;4.8362765034034085;1.7366873955252744;1.058
15.02.2022  01:26:10;4.856269499270261;1.739444881985317;1.058
15.02.2022  01:27:10;4.876288650289596;1.742206143012788;1.058
15.02.2022  01:28:10;4.8963339927342515;1.7449711548680829;1.058
15.02.2022  01:29:10;4.916405562345701;1.7477398653090386;1.058
15.02.2022  01:30:10;4.936503395310116;1.7505123956085227;1.058
15.02.2022  01:31:10;4.9566275285263375;1.7532887333438139;1.058
15.02.2022  01:32:10;4.976777998687451;1.7560688633449244;1.058
15.02.2022  01:33:10;4.9969548422437144;1.7588527676784738;1.058
15.02.2022  01:34:10;5.017158095330786;1.7616404205111647;1.058
15.02.2022  01:35:10;5.037387794026818;1.7644318421059872;1.058
15.02.2022  01:36:10;5.057643974796732;1.7672270726372807;1.058
15.02.2022  01:37:10;5.0779266741918745;1.7700260877520626;1.058
15.02.2022  01:38:11;5.098235928396941;1.7728288603170594;1.058
15.02.2022  01:39:11;5.1185717731924605;1.7756353604033386;1.058
15.02.2022  01:40:11;5.1389342449456095;1.7784457080862566;1.058
15.02.2022  01:41:11;5.159323383024446;1.7812602321286564;1.058
15.02.2022  01:42:11;5.179739224681966;1.7840782925134886;1.058
15.02.2022  01:43:11;5.2001818030961795;1.7868999268161274;1.058
15.02.2022  01:44:11;5.2206511519209045;1.7897251711533086;1.058
15.02.2022  01:45:11;5.2411473052660655;1.7925540601724697;1.058
15.02.2022  01:46:11;5.261670301732093;1.7953872294002349;1.058
15.02.2022  01:47:11;5.282220190116271;1.798225561310467;1.058
15.02.2022  01:48:11;5.302797008785837;1.8010666267892206;1.058
15.02.2022  01:49:11;5.323400782007792;1.8039107630136313;1.058
15.02.2022  01:50:11;5.3440315385948525;1.8067583111969285;1.058
15.02.2022  01:51:11;5.364689311959805;1.8096096165956266;1.058
15.02.2022  01:52:11;5.385374147749998;1.8124661547310628;1.058
15.02.2022  01:53:11;5.406086107689211;1.8153288416815383;1.058
15.02.2022  01:54:11;5.426825230579133;1.818193358710762;1.058
15.02.2022  01:55:11;5.447591533127273;1.8210607449002658;1.058
15.02.2022  01:56:11;5.468385046116904;1.82393205552251;1.058
15.02.2022  01:57:11;5.489205814625226;1.8268083620854059;1.058
15.02.2022  01:58:11;5.510053892092044;1.82968983861166;1.058
15.02.2022  01:59:11;5.530929312879191;1.8325734795560877;1.058
15.02.2022  02:00:11;5.55183209820173;1.835460340175001;1.058
15.02.2022  02:01:11;5.5727622688824665;1.8383493099615478;1.058
15.02.2022  02:02:11;5.593719830638925;1.8412392581428338;1.058
15.02.2022  02:03:12;5.614704773810126;1.844129033603226;1.058
15.02.2022  02:04:12;5.63571714296478;1.8470278478729327;1.058
15.02.2022  02:05:12;5.6567571517464454;1.84995161346463;1.058
15.02.2022  02:06:12;5.677824914587116;1.8528696801995481;1.058
15.02.2022  02:07:12;5.698920361004698;1.8557852269387747;1.058
15.02.2022  02:08:12;5.720043463638121;1.8587014847304013;1.058
15.02.2022  02:09:12;5.741194238951079;1.8616217370341526;1.058
15.02.2022  02:10:12;5.762372744876736;1.8645488649848296;1.058
15.02.2022  02:11:12;5.783579040800547;1.867480206303848;1.058
15.02.2022  02:12:12;5.804813162782851;1.870414960691799;1.058
15.02.2022  02:13:12;5.8260751428115;1.8733533264302231;1.058
15.02.2022  02:14:12;5.84736501553414;1.8762955035127715;1.058
15.02.2022  02:15:12;5.868682818281268;1.8792416936464107;1.058
15.02.2022  02:16:12;5.890028589959081;1.882191932326995;1.058
15.02.2022  02:17:12;5.91140236749931;1.8851458937742327;1.058
15.02.2022  02:18:12;5.932804187804305;1.8881039024881656;1.058
15.02.2022  02:19:12;5.954234089799536;1.8910659376618892;1.058
15.02.2022  02:20:12;5.975692112097194;1.8940319766569778;1.058
15.02.2022  02:21:12;5.997178292971485;1.8970019949946875;1.058
15.02.2022  02:22:12;6.0186926702200925;1.8999759494523079;1.058
15.02.2022  02:23:12;6.040235281382794;1.902953848035369;1.058
15.02.2022  02:24:12;6.061806164481815;1.9059357575258902;1.058
15.02.2022  02:25:12;6.083405357949778;1.908921675234516;1.058
15.02.2022  02:26:12;6.1050329001523655;1.9119115970248026;1.058
15.02.2022  02:27:12;6.126688829368791;1.9149055173058565;1.058
15.02.2022  02:28:12;6.148373183824187;1.9179034367543508;1.058
15.02.2022  02:29:13;6.1700860018476975;1.9209053732700143;1.058
15.02.2022  02:30:13;6.191827321831457;1.9239113214371948;1.058
15.02.2022  02:31:13;6.213597182154179;1.9269212878111097;1.058
15.02.2022  02:32:13;6.235395621253456;1.9299352777257661;1.058
15.02.2022  02:33:13;6.2572226776092865;1.9329532952875335;1.058
15.02.2022  02:34:13;6.279078389762085;1.9359753485091429;1.058
15.02.2022  02:35:13;6.300962796337245;1.9390014451459963;1.058
15.02.2022  02:36:13;6.322875935959692;1.9420315805178623;1.058
15.02.2022  02:37:13;6.344817847249439;1.9450657617295781;1.058
15.02.2022  02:38:13;6.36678856889318;1.9481039947446448;1.058
15.02.2022  02:39:13;6.388788139628885;1.951146284379287;1.058
15.02.2022  02:40:13;6.410816598247243;1.9541926368119422;1.058
15.02.2022  02:41:13;6.432873983595081;1.957243057368766;1.058
15.02.2022  02:42:13;6.454960334540809;1.9602975470956305;1.058
15.02.2022  02:43:13;6.477075689981687;1.9633561124083343;1.058
15.02.2022  02:44:13;6.49922008887261;1.9664187586367854;1.058
15.02.2022  02:45:13;6.521393570211457;1.9694854900194434;1.058
15.02.2022  02:46:13;6.543596173041898;1.9725563123042322;1.058
15.02.2022  02:47:13;6.5658279364645225;1.9756312313848416;1.058
15.02.2022  02:48:13;6.588088899608399;1.9787102487858304;1.058
15.02.2022  02:49:13;6.610379101633486;1.981793370768521;1.058
15.02.2022  02:50:13;6.632698581755547;1.9848806025673338;1.058
15.02.2022  02:51:13;6.655047379232305;1.9879719483846254;1.058
15.02.2022  02:52:13;6.67742553337486;1.9910674151540326;1.058
15.02.2022  02:53:14;6.6998330835619635;1.9941670091990507;1.058
15.02.2022  02:54:14;6.722270069191067;1.9972707301828914;1.058
15.02.2022  02:55:14;6.744736529679386;2.0003785845982263;1.058
15.02.2022  02:56:14;6.7672325045033235;2.003490577971158;1.058
15.02.2022  02:57:14;6.789758033185423;2.0066067148564235;1.058
15.02.2022  02:58:14;6.812313155313791;2.0097270036673143;1.058
15.02.2022  02:59:14;6.834897910552443;2.0128514504973536;1.058
15.02.2022  03:00:14;6.857512338570955;2.0159800533090024;1.058
15.02.2022  03:01:14;6.880156479049061;2.0191128188906466;1.058
15.02.2022  03:02:14;6.902830371729895;2.0222497531211974;1.058
15.02.2022  03:03:14;6.9255340564077175;2.025390860965636;1.058
15.02.2022  03:04:14;6.948267572952647;2.028536151979173;1.058
15.02.2022  03:05:14;6.971030961314385;2.031685631681978;1.058
15.02.2022  03:06:14;6.993824261438212;2.0348392971488467;1.058
15.02.2022  03:07:14;7.016647513274934;2.0379971553904475;1.058
15.02.2022  03:08:14;7.039500756841946;2.0411592125601703;1.058
15.02.2022  03:09:14;7.062384032211666;2.044325473949974;1.058
15.02.2022  03:10:14;7.085297379539802;2.0474959499156444;1.058
15.02.2022  03:11:14;7.108240839062648;2.05067064534794;1.058
15.02.2022  03:12:14;7.131214451005421;2.053849556986061;1.058
15.02.2022  03:13:14;7.154218255597477;2.05703269199235;1.058
15.02.2022  03:14:14;7.177252293136963;2.0602200567195816;1.058
15.02.2022  03:15:14;7.200316603979901;2.0634116567070855;1.058
15.02.2022  03:16:14;7.223411228571622;2.0666075029805078;1.058
15.02.2022  03:17:14;7.246536207438276;2.069807599819263;1.058
15.02.2022  03:18:15;7.269691581089523;2.0730119437922983;1.058
15.02.2022  03:19:15;7.292877390038746;2.076220542194539;1.058
15.02.2022  03:20:15;7.316093674870049;2.079433401555615;1.058
15.02.2022  03:21:15;7.339340476227926;2.0826505276362286;1.058
15.02.2022  03:22:15;7.362617834864372;2.0858719339644924;1.058
15.02.2022  03:23:15;7.385925791591301;2.0890976192376565;1.058
15.02.2022  03:24:15;7.409264387179223;2.0923275819334246;1.058
