PDatTime;BASET;CO2;CO2_pressure
Value;Value;Value;Value
Unit;Unit;Unit;Unit

14.02.2022  19:24:54;0.0;1.2946295341704803;1.058
14.02.2022  19:25:54;0.0066639716293015;1.3600981639322474;1.058
14.02.2022  19:26:54;0.0133590033416415;1.215599268698209;1.058
14.02.2022  19:27:54;0.0200851235002907;1.3369525070802988;1.058
14.02.2022  19:28:54;0.0268423506147516;1.2208558326402918;1.058
14.02.2022  19:29:54;0.033630692203582;1.2429917084145936;1.058
14.02.2022  19:30:54;0.040450143594806;1.3662922891722977;1.058
14.02.2022  19:31:54;0.0473006865192241;1.3560956366200947;1.058
14.02.2022  19:32:54;0.0541822875533969;1.1958217860728868;1.058
14.02.2022  19:33:54;0.0610948963180346;1.4012949602937004;1.058
14.02.2022  19:34:54;0.0680384432438094;1.2793223980663835;1.058
14.02.2022  19:35:54;0.0750128370907673;1.301977635841353;1.058
14.02.2022  19:36:54;0.0820179622241337;1.3687533939967793;1.058
14.02.2022  19:37:54;0.0890536754275968;1.267223682730684;1.058
14.02.2022  19:38:54;0.0961198021120334;1.2889835573522823;1.058
14.02.2022  19:39:54;0.1032161318239924;1.3295598736247007;1.058
14.02.2022  19:40:54;0.1103424130368107;1.3068235991002246;1.058
14.02.2022  19:41:54;0.1174983470319967;1.3218332257520433;1.058
14.02.2022  19:42:54;0.1246837347601429;1.2570036371992201;1.058
14.02.2022  19:43:54;0.1319013192207397;1.4216066697897538;1.058
14.02.2022  19:44:55;0.1391539342610829;1.4682536696189616;1.058
14.02.2022  19:45:55;0.146441700304281;1.3534512371817344;1.058
14.02.2022  19:46:55;0.1537647503426812;1.4508797879456632;1.058
14.02.2022  19:47:55;0.161123216780548;1.3695939832360373;1.058
14.02.2022  19:48:55;0.1685172313656584;1.4252690963164065;1.058
14.02.2022  19:49:55;0.1759469251193247;1.4498908131176615;1.058
14.02.2022  19:50:55;0.1834124282614984;1.4114941147719333;1.058
14.02.2022  19:51:55;0.1909138701306002;1.580198698076757;1.058
14.02.2022  19:52:55;0.198451379099204;1.376225828365228;1.058
14.02.2022  19:53:55;0.206025082485208;1.3801302417181442;1.058
14.02.2022  19:54:55;0.2136351064585285;1.259662526135217;1.058
14.02.2022  19:55:55;0.221281575943365;1.420918613564802;1.058
14.02.2022  19:56:55;0.2289646145142418;1.3878443230343873;1.058
14.02.2022  19:57:55;0.2366843442849946;1.4374936076248492;1.058
14.02.2022  19:58:55;0.2444408857913542;1.4488221727585702;1.058
14.02.2022  19:59:55;0.2522343578664418;1.4534306992145485;1.058
14.02.2022  20:00:55;0.2600648775094053;1.4324827502779744;1.058
14.02.2022  20:01:55;0.2679325597476459;1.501167998401801;1.058
14.02.2022  20:02:55;0.2758375174899875;1.5070444532860492;1.058
14.02.2022  20:03:55;0.2837798613692196;1.4362634468561646;1.058
14.02.2022  20:04:55;0.2917596995752516;1.5092548220299007;1.058
14.02.2022  20:05:55;0.299777137676432;1.4972901998062054;1.058
14.02.2022  20:06:55;0.3078322784310383;1.603437361371627;1.058
14.02.2022  20:07:55;0.3159252215910373;1.4747040734728631;1.058
14.02.2022  20:08:55;0.3240560636911282;1.4891842231859298;1.058
14.02.2022  20:09:55;0.3322248978205038;1.6307520353511338;1.058
14.02.2022  20:10:56;0.3404318133814772;1.4102992261302023;1.058
14.02.2022  20:11:56;0.3486768958273177;1.3591086701010555;1.058
14.02.2022  20:12:56;0.356960226387046;1.562656696045805;1.058
14.02.2022  20:13:56;0.3652818817836685;1.581067598690364;1.058
14.02.2022  20:14:56;0.3736419339263971;1.451870276812586;1.058
14.02.2022  20:15:56;0.3820404495733089;1.6431818371732194;1.058
14.02.2022  20:16:56;0.3904774899768207;1.6001223542784087;1.058
14.02.2022  20:17:56;0.3989531104911704;1.6669114657169748;1.058
14.02.2022  20:18:56;0.4074673601648773;1.61372941887152;1.058
14.02.2022  20:19:56;0.4160202813349067;1.3983647353768733;1.058
14.02.2022  20:20:56;0.4246119091723327;1.7270715446233105;1.058
14.02.2022  20:21:56;0.4332422711759199;1.5753789338231645;1.058
14.02.2022  20:22:56;0.4419113866461886;1.609176652834772;1.058
14.02.2022  20:23:56;0.4506192660881183;1.578716213006377;1.058
14.02.2022  20:24:56;0.4593659106027485;1.561376525387084;1.058
14.02.2022  20:25:56;0.4681513113072861;1.571984216776476;1.058
14.02.2022  20:26:56;0.476975448662185;1.483858925769636;1.058
14.02.2022  20:27:56;0.4858382917053518;1.5285776057801606;1.058
14.02.2022  20:28:56;0.4947397972728342;1.6012117923566305;1.058
14.02.2022  20:29:57;0.5036799090839014;1.5854807767387822;1.058
14.02.2022  20:30:57;0.5126585568383019;1.7448442230642478;1.058
14.02.2022  20:31:57;0.5216756554151486;1.6576140314183039;1.058
14.02.2022  20:32:57;0.53073110389223;1.5788293564446503;1.058
14.02.2022  20:33:57;0.5398247844012128;1.7225839218070447;1.058
14.02.2022  20:34:57;0.5489565610027746;1.6154202131521749;1.058
14.02.2022  20:35:57;0.558126278308656;1.6141977625020063;1.058
14.02.2022  20:36:57;0.5673337601948564;1.490469290271208;1.058
14.02.2022  20:37:57;0.5765788087999937;1.7398884840699758;1.058
14.02.2022  20:38:57;0.5858612031850561;1.5602581292756614;1.058
14.02.2022  20:39:57;0.5951806977171241;1.574683344547421;1.058
14.02.2022  20:40:57;0.6045370205830828;1.601880366341565;1.058
14.02.2022  20:41:57;0.6139298718731826;1.7450489644242488;1.058
14.02.2022  20:42:57;0.6233589219780195;1.7192560931744445;1.058
14.02.2022  20:43:57;0.6328238106898055;1.70998323605878;1.058
14.02.2022  20:44:57;0.6423241457185089;1.631977824043223;1.058
14.02.2022  20:45:57;0.6518595008102035;1.8058592127940434;1.058
14.02.2022  20:46:57;0.6614294142798506;1.7225693430008944;1.058
14.02.2022  20:47:57;0.671033387044179;1.653539435594197;1.058
14.02.2022  20:48:57;0.6806708814823571;1.7566845218199412;1.058
14.02.2022  20:49:57;0.6903413217591655;1.4367281866904213;1.058
14.02.2022  20:50:57;0.7000440933916059;1.8136867520990871;1.058
14.02.2022  20:51:57;0.7097785425087221;1.735334881014586;1.058
14.02.2022  20:52:57;0.7195439760318844;1.5766022136594982;1.058
14.02.2022  20:53:57;0.7293396623640769;1.6996232888823657;1.058
14.02.2022  20:54:58;0.7391648335914536;1.6385991618398588;1.058
14.02.2022  20:55:58;0.7490186895084193;1.7374419980180893;1.058
14.02.2022  20:56:58;0.7589004017306366;1.7868528832352315;1.058
14.02.2022  20:57:58;0.7688091185482646;1.61392733997901;1.058
14.02.2022  20:58:58;0.7787439707475203;1.6360729809073526;1.058
14.02.2022  20:59:58;0.788704082681896;1.627545686753252;1.058
14.02.2022  21:00:58;0.7986885834448589;1.5219073176855589;1.058
14.02.2022  21:01:58;0.8086966155223705;1.6246940999600528;1.058
14.02.2022  21:02:58;0.8187273480950625;1.5459665347452405;1.058
14.02.2022  21:03:58;0.8287799940714696;1.6609717240545476;1.058
14.02.2022  21:04:58;0.8388538250702452;1.4988581861832784;1.058
14.02.2022  21:05:58;0.848948198192491;1.6850110380728203;1.058
14.02.2022  21:06:58;0.8590625737635591;1.6170898348063594;1.058
14.02.2022  21:07:58;0.869196516887287;1.5884707727638465;1.058
14.02.2022  21:08:58;0.8793497131958101;1.7090600878740376;1.058
14.02.2022  21:09:58;0.8895219913749978;1.6155426642514195;1.058
14.02.2022  21:10:58;0.8997133291288899;1.5822609807732857;1.058
14.02.2022  21:11:58;0.9099238707722134;1.4916475796710802;1.058
14.02.2022  21:12:58;0.9201539312717129;1.333974664091969;1.058
14.02.2022  21:13:59;0.9304039661722489;1.5277175605197026;1.058
14.02.2022  21:14:59;0.9406745608918922;1.5215685293934453;1.058
14.02.2022  21:15:59;0.95096643011148;1.4218619477943701;1.058
14.02.2022  21:16:59;0.961280415567426;1.580389499601897;1.058
14.02.2022  21:17:59;0.971617463155261;1.3611108832982157;1.058
14.02.2022  21:18:59;0.9819785856651478;1.452865250543157;1.058
14.02.2022  21:19:59;0.9923648392382496;1.3771173237935879;1.058
14.02.2022  21:20:59;1.002777306441177;1.3848158447601753;1.058
14.02.2022  21:21:59;1.0132170776387208;1.3689918720695626;1.058
14.02.2022  21:22:59;1.023685236352969;1.4611157711720713;1.058
14.02.2022  21:23:59;1.034182830801325;1.4480414340355363;1.058
14.02.2022  21:24:59;1.0447108619223724;1.2820045754426732;1.058
14.02.2022  21:25:59;1.0552702928153284;1.4132478887955664;1.058
14.02.2022  21:26:59;1.065862039808087;1.2840467197296703;1.058
14.02.2022  21:27:59;1.076486958570199;1.5502062406165196;1.058
14.02.2022  21:28:59;1.0871458399133984;1.414761924682034;1.058
14.02.2022  21:29:59;1.097839404560254;1.4117504432170254;1.058
14.02.2022  21:30:59;1.1085683101574304;1.3669645485212232;1.058
14.02.2022  21:31:59;1.1193331683435068;1.432072983018035;1.058
14.02.2022  21:32:59;1.1301345438135195;1.3995560536962248;1.058
14.02.2022  21:33:59;1.140972948154694;1.3411856457387656;1.058
14.02.2022  21:34:59;1.1518488470681243;1.399082717644475;1.058
14.02.2022  21:36:00;1.1627626649958671;1.3211245659425956;1.058
14.02.2022  21:37:00;1.1737147862221202;1.3011060673234869;1.058
14.02.2022  21:38:00;1.1847055655393286;1.295167830534549;1.058
14.02.2022  21:39:00;1.195735330976979;1.4855817962225475;1.058
14.02.2022  21:40:00;1.2068043813912406;1.3584576118354528;1.058
14.02.2022  21:41:00;1.2179129989503965;1.3255216485145;1.058
14.02.2022  21:42:00;1.2290614526207868;1.466391730016267;1.058
14.02.2022  21:43:00;1.2402499892095158;1.3586607161036464;1.058
14.02.2022  21:44:00;1.2514788391863017;1.3436480079553206;1.058
14.02.2022  21:45:00;1.2627482207915506;1.2515753046545168;1.058
14.02.2022  21:46:00;1.2740583390865734;1.4827374207293227;1.058
14.02.2022  21:47:00;1.2854093993382167;1.2745857845927357;1.058
14.02.2022  21:48:00;1.2968016072222175;1.4118585637011902;1.058
14.02.2022  21:49:00;1.308235154895265;1.3482442433511828;1.058
14.02.2022  21:50:00;1.3197102251727229;1.2820562028878864;1.058
14.02.2022  21:51:00;1.3312269957768246;1.4321967992767817;1.058
14.02.2022  21:52:00;1.342785638933828;1.3979793751859089;1.058
14.02.2022  21:53:00;1.354386334032308;1.3630264606301306;1.058
14.02.2022  21:54:00;1.3660292653838213;1.3851868861973868;1.058
14.02.2022  21:55:00;1.3777146071630966;1.423472362770841;1.058
14.02.2022  21:56:01;1.389442527469989;1.3039928311192392;1.058
14.02.2022  21:57:01;1.4012131922504958;1.4452733112799785;1.058
14.02.2022  21:58:01;1.4130267650943644;1.4162150891759402;1.058
14.02.2022  21:59:01;1.4248834192365862;1.3783538111672997;1.058
14.02.2022  22:00:01;1.436783333765657;1.4503141671952204;1.058
14.02.2022  22:01:01;1.4487266785607051;1.3940693459311477;1.058
14.02.2022  22:02:01;1.4607136187960348;1.453191313184516;1.058
14.02.2022  22:03:01;1.4727443185486375;1.4789181845339494;1.058
14.02.2022  22:04:01;1.4848189406677348;1.3178491475589005;1.058
14.02.2022  22:05:01;1.4969376591301282;1.3758027670280353;1.058
14.02.2022  22:06:01;1.5091006539062763;1.3061744449845414;1.058
14.02.2022  22:07:01;1.521308095165834;1.4334134651107346;1.058
14.02.2022  22:08:01;1.533560148658922;1.4533191383128448;1.058
14.02.2022  22:09:01;1.545856979283721;1.357917569109498;1.058
14.02.2022  22:10:01;1.5581987509794035;1.381358889121252;1.058
14.02.2022  22:11:01;1.5705856412843833;1.3017373069859879;1.058
14.02.2022  22:12:01;1.5830178342167271;1.3648385301039025;1.058
14.02.2022  22:13:01;1.5954955016035128;1.4531948025588441;1.058
14.02.2022  22:14:01;1.6080188101948634;1.4506346527454996;1.058
14.02.2022  22:15:02;1.620587925663583;1.4151882716285369;1.058
14.02.2022  22:16:02;1.6332030124978387;1.2936093635896895;1.058
14.02.2022  22:17:02;1.645864254870818;1.254263349588707;1.058
14.02.2022  22:18:02;1.6585718451147948;1.355294479069231;1.058
14.02.2022  22:19:02;1.6713259592710523;1.4773953763972725;1.058
14.02.2022  22:20:02;1.6841267708614889;1.4313795925997554;1.058
14.02.2022  22:21:02;1.6969744566997924;1.3900830871325671;1.058
14.02.2022  22:22:02;1.70986919697011;1.4169004759945192;1.058
14.02.2022  22:23:02;1.7228111626464508;1.4658245632477507;1.058
14.02.2022  22:24:02;1.7358005205845477;1.3812177616817436;1.058
14.02.2022  22:25:02;1.7488374476065276;1.3498941993968887;1.058
14.02.2022  22:26:02;1.761922123875384;1.3693122628609016;1.058
14.02.2022  22:27:02;1.7750547298742148;1.528281714842488;1.058
14.02.2022  22:28:02;1.788235446360828;1.3982374363800063;1.058
14.02.2022  22:29:02;1.801464454301416;1.3939430656055463;1.058
14.02.2022  22:30:02;1.8147419350266203;1.4183426794105882;1.058
14.02.2022  22:31:02;1.828068070465672;1.294064797327536;1.058
14.02.2022  22:32:02;1.8414430431565485;1.5480524638788193;1.058
14.02.2022  22:33:02;1.854867036206025;1.3987189144233478;1.058
14.02.2022  22:34:02;1.8683402332584411;1.3806814975947035;1.058
14.02.2022  22:35:02;1.881862818518342;1.4612397200316949;1.058
14.02.2022  22:36:03;1.8954349767596528;1.5647770526556442;1.058
14.02.2022  22:37:03;1.9090568933485872;1.316884479643121;1.058
14.02.2022  22:38:03;1.9227287542941889;1.4915805579181178;1.058
14.02.2022  22:39:03;1.9364507462336544;1.3359094274757426;1.058
14.02.2022  22:40:03;1.9502230564059573;1.6380433706978053;1.058
14.02.2022  22:41:03;1.9640458726740249;1.4571851770158166;1.058
14.02.2022  22:42:03;1.977919383516156;1.3673183206150274;1.058
14.02.2022  22:43:03;1.9918437780304432;1.4759925937159413;1.058
14.02.2022  22:44:03;2.00581924598182;1.4890872384419462;1.058
14.02.2022  22:45:03;2.019845977789018;1.422282015073984;1.058
14.02.2022  22:46:03;2.033924164501129;1.4812357635717748;1.058
14.02.2022  22:47:03;2.0480539978269703;1.439483866728681;1.058
14.02.2022  22:48:03;2.062235670121204;1.4299518586621853;1.058
14.02.2022  22:49:03;2.0764693743766443;1.3930911247607056;1.058
14.02.2022  22:50:03;2.0907553042710845;1.5293214897917615;1.058
14.02.2022  22:51:03;2.105093654156281;1.4067605228368112;1.058
14.02.2022  22:52:03;2.119484619036854;1.4284902689390702;1.058
14.02.2022  22:53:03;2.133928394614001;1.5634776896036406;1.058
14.02.2022  22:54:03;2.1484251772632046;1.3627937026524457;1.058
14.02.2022  22:55:03;2.162975164008664;1.449617296584092;1.058
14.02.2022  22:56:03;2.17757855257562;1.4663477642647356;1.058
14.02.2022  22:57:03;2.192235541382116;1.34904806855599;1.058
14.02.2022  22:58:04;2.206946329519882;1.4355929510149628;1.058
14.02.2022  22:59:04;2.2217111168193355;1.457685337188108;1.058
14.02.2022  23:00:04;2.236530103812532;1.5373478066270054;1.058
14.02.2022  23:01:04;2.251403491682627;1.4499766751361813;1.058
14.02.2022  23:02:04;2.266331482328801;1.413547548244897;1.058
14.02.2022  23:03:04;2.281314278361375;1.2429095880111987;1.058
14.02.2022  23:04:04;2.296352083084397;1.4894161556568655;1.058
14.02.2022  23:05:04;2.311445100591112;1.348246520596593;1.058
14.02.2022  23:06:04;2.3265935357024534;1.3115183989595594;1.058
14.02.2022  23:07:04;2.341797593881975;1.3133146478541249;1.058
14.02.2022  23:08:04;2.357057481323556;1.3538821491615323;1.058
14.02.2022  23:09:04;2.3723734049505207;1.2727665673077524;1.058
14.02.2022  23:10:04;2.387745572399715;1.4612810689031528;1.058
14.02.2022  23:11:04;2.403174192161236;1.429049764885246;1.058
14.02.2022  23:12:04;2.418659473476955;1.2561787292547186;1.058
14.02.2022  23:13:04;2.4342016262065505;1.4503067604034823;1.058
14.02.2022  23:14:04;2.449800860954015;1.3546377260205442;1.058
14.02.2022  23:15:04;2.4654573890716662;1.4094228968435203;1.058
14.02.2022  23:16:04;2.481171422645553;1.4381259386025846;1.058
14.02.2022  23:17:04;2.4969431747012325;1.4310616971194714;1.058
14.02.2022  23:18:04;2.51277285903653;1.3522396551246962;1.058
14.02.2022  23:19:04;2.5286606900161503;1.5105847460285735;1.058
14.02.2022  23:20:04;2.54460688276347;1.5087684216509578;1.058
14.02.2022  23:21:05;2.5606116531706986;1.4537193006123017;1.058
14.02.2022  23:22:05;2.57667521788552;1.5228137352844346;1.058
14.02.2022  23:23:05;2.592797794618205;1.4192760451295627;1.058
14.02.2022  23:24:05;2.608979601864563;1.3963013625310836;1.058
14.02.2022  23:25:05;2.6252208585931056;1.565197939491502;1.058
14.02.2022  23:26:05;2.64152178454727;1.5074420400717983;1.058
14.02.2022  23:27:05;2.6578826002635267;1.513861734918904;1.058
14.02.2022  23:28:05;2.674303527059233;1.5669826321227551;1.058
14.02.2022  23:29:05;2.6907847874991377;1.4804112364451034;1.058
14.02.2022  23:30:05;2.707326604931838;1.4100505393690845;1.058
14.02.2022  23:31:05;2.723929203011204;1.5861929770617573;1.058
14.02.2022  23:32:05;2.740592806187801;1.5958073973359137;1.058
14.02.2022  23:33:05;2.757317639737369;1.5826665180600068;1.058
14.02.2022  23:34:05;2.774103929750012;1.493991380340906;1.058
14.02.2022  23:35:05;2.7909519038517705;1.395716087050718;1.058
14.02.2022  23:36:05;2.807861790419776;1.42007334406215;1.058
14.02.2022  23:37:05;2.8248338178439028;1.3604128602123307;1.058
14.02.2022  23:38:05;2.8418682153465524;1.4892545184165258;1.058
14.02.2022  23:39:05;2.8589652130244425;1.5099732313945915;1.058
14.02.2022  23:40:05;2.8761250418395603;1.5222371787351832;1.058
14.02.2022  23:41:05;2.893347933696601;1.496337546570976;1.058
14.02.2022  23:42:05;2.910634123009838;1.4094292329932734;1.058
14.02.2022  23:43:06;2.927983845359421;1.5287396194380127;1.058
14.02.2022  23:44:06;2.9453973346068247;1.3463260266224817;1.058
14.02.2022  23:45:06;2.962874822839704;1.4551139700881437;1.058
14.02.2022  23:46:06;2.980415364533578;1.5906105657880723;1.058
14.02.2022  23:47:06;2.997998216196383;1.401850893337232;1.058
14.02.2022  23:48:06;3.0156036856707487;1.327673088128618;1.058
14.02.2022  23:49:06;3.0332317685302246;1.5351887105023614;1.058
14.02.2022  23:50:06;3.0508824914182022;1.4888739842933736;1.058
14.02.2022  23:51:06;3.068555913199579;1.58114093308055;1.058
14.02.2022  23:52:06;3.086252125742276;1.4176013952013085;1.058
14.02.2022  23:53:06;3.1039710682927093;1.5126180688781279;1.058
14.02.2022  23:54:06;3.121712667899824;1.4125283503087473;1.058
14.02.2022  23:55:06;3.139477006282412;1.5198903585455208;1.058
14.02.2022  23:56:06;3.1572641559876797;1.583436135497743;1.058
14.02.2022  23:57:06;3.175074175857561;1.6064272471360037;1.058
14.02.2022  23:58:06;3.192907110498149;1.5665991283877398;1.058
14.02.2022  23:59:06;3.210762994320759;1.477763784276562;1.058
15.02.2022  00:00:06;3.22864186310378;1.5458464764423812;1.058
15.02.2022  00:01:06;3.2465437566791264;1.4048365118571133;1.058
15.02.2022  00:02:06;3.2644687142819557;1.5813809800668988;1.058
15.02.2022  00:03:06;3.28241677439829;1.614940224325523;1.058
15.02.2022  00:04:06;3.300387974626909;1.3968928893913317;1.058
15.02.2022  00:05:06;3.318382353310644;1.5342256311571962;1.058
15.02.2022  00:06:06;3.336399948785369;1.616776839796162;1.058
15.02.2022  00:07:06;3.3544407982427806;1.6201332334501883;1.058
15.02.2022  00:08:07;3.3725049389895028;1.546097197047543;1.058
15.02.2022  00:09:07;3.3905924083394665;1.5018735926991664;1.058
15.02.2022  00:10:07;3.4087032435115696;1.512811398828335;1.058
15.02.2022  00:11:07;3.4268374819306864;1.6444003800900826;1.058
15.02.2022  00:12:07;3.444995160897226;1.541381449513199;1.058
15.02.2022  00:13:07;3.46317631736744;1.57523394392609;1.058
15.02.2022  00:14:07;3.481380988364575;1.4444185154084654;1.058
15.02.2022  00:15:07;3.4996092108806467;1.5922422776946306;1.058
15.02.2022  00:16:07;3.517861021783883;1.5999561349515568;1.058
15.02.2022  00:17:07;3.5361364579762933;1.5332292900711977;1.058
15.02.2022  00:18:07;3.554435556274097;1.634284786813804;1.058
15.02.2022  00:19:07;3.572758353334472;1.7043531782478325;1.058
15.02.2022  00:20:07;3.591104885858146;1.7099752160914599;1.058
15.02.2022  00:21:07;3.609475190499985;1.5583720904592282;1.058
15.02.2022  00:22:07;3.627869303790927;1.6566679427772175;1.058
15.02.2022  00:23:07;3.646287262367379;1.4971872247360167;1.058
15.02.2022  00:24:07;3.66472910279524;1.4747690792408912;1.058
15.02.2022  00:25:07;3.6831948614281447;1.4364948115357778;1.058
15.02.2022  00:26:07;3.7016845746638887;1.645197221728909;1.058
15.02.2022  00:27:07;3.7201982788633456;1.5837316431824198;1.058
15.02.2022  00:28:07;3.738736010290366;1.5870169969032506;1.058
15.02.2022  00:29:07;3.757297805431419;1.6926139129253854;1.058
15.02.2022  00:30:08;3.775883700695682;1.705219834030363;1.058
15.02.2022  00:31:08;3.7944937321789545;1.5351184232341895;1.058
15.02.2022  00:32:08;3.813127936029873;1.5474705496512062;1.058
15.02.2022  00:33:08;3.8317863483763626;1.6567713949368168;1.058
15.02.2022  00:34:08;3.850469005286393;1.618733854448469;1.058
15.02.2022  00:35:08;3.8691759431739943;1.6622018725251573;1.058
15.02.2022  00:36:08;3.887907198352691;1.6369345778721172;1.058
15.02.2022  00:37:08;3.906662806708002;1.6670581278889163;1.058
15.02.2022  00:38:08;3.9254428041916345;1.6185436426585966;1.058
15.02.2022  00:39:08;3.9442472267547424;1.637769896797434;1.058
15.02.2022  00:40:08;3.9630761103329832;1.551479036186599;1.058
15.02.2022  00:41:08;3.9819294913350425;1.6006536706229617;1.058
15.02.2022  00:42:08;4.000807406029151;1.6446930606021466;1.058
15.02.2022  00:43:08;4.019709890129223;1.7580437601126495;1.058
15.02.2022  00:44:08;4.038636979434269;1.7351676026372982;1.058
15.02.2022  00:45:08;4.057588709767854;1.5846210138960903;1.058
15.02.2022  00:46:08;4.076565116991445;1.6273393458957452;1.058
15.02.2022  00:47:08;4.095566237567563;1.590081705334056;1.058
15.02.2022  00:48:08;4.1145921077598535;1.5113976024413103;1.058
15.02.2022  00:49:08;4.133642763142129;1.6037230743024895;1.058
15.02.2022  00:50:08;4.152718239399392;1.519693802124321;1.058
15.02.2022  00:51:08;4.171818572272996;1.7642075993790085;1.058
15.02.2022  00:52:09;4.190943797605636;1.6305530544372824;1.058
15.02.2022  00:53:09;4.2100939519593705;1.5267074338669366;1.058
15.02.2022  00:54:09;4.2292690716212284;1.5844836164641443;1.058
15.02.2022  00:55:09;4.248469192055726;1.6906568176006336;1.058
15.02.2022  00:56:09;4.267694348872654;1.5547172357505685;1.058
15.02.2022  00:57:09;4.286944577777539;1.6553419222722827;1.058
15.02.2022  00:58:09;4.30621991464823;1.5857725312093858;1.058
15.02.2022  00:59:09;4.32552039616695;1.6166271835316097;1.058
15.02.2022  01:00:09;4.344846058654947;1.8273363446079978;1.058
15.02.2022  01:01:09;4.3641969375088525;1.5989523785104123;1.058
15.02.2022  01:02:09;4.3835730683107625;1.6487748724338342;1.058
15.02.2022  01:03:09;4.402974486783621;1.6453692790038061;1.058
15.02.2022  01:04:09;4.422401228890969;1.5701296132121172;1.058
15.02.2022  01:05:09;4.441853331411576;1.655867663016193;1.058
15.02.2022  01:06:09;4.4613308306901125;1.748008693684258;1.058
15.02.2022  01:07:09;4.480833762125242;1.6149388046929842;1.058
15.02.2022  01:08:09;4.500362161339484;1.6993939726165608;1.058
15.02.2022  01:09:09;4.519916064139017;1.57761425930855;1.058
15.02.2022  01:10:09;4.539495506612146;1.7640895145574844;1.058
15.02.2022  01:11:09;4.559100525540871;1.7689925587463724;1.058
15.02.2022  01:12:09;4.578731157259372;1.7401078747414458;1.058
15.02.2022  01:13:09;4.5983874372903735;1.6779406004387283;1.058
15.02.2022  01:14:09;4.618069401397732;1.7186762656286672;1.058
15.02.2022  01:15:09;4.637777085549814;1.701629610449229;1.058
15.02.2022  01:16:10;4.657510525969124;1.57093947656664;1.058
15.02.2022  01:17:10;4.677269759259996;1.6571689387494093;1.058
15.02.2022  01:18:10;4.697054821698736;1.695152489576512;1.058
15.02.2022  01:19:10;4.716865749121959;1.7533965124594144;1.058
15.02.2022  01:20:10;4.736702577567288;1.8437727835121203;1.058
15.02.2022  01:21:10;4.756565343238866;1.7955239575424657;1.058
15.02.2022  01:22:10;4.776454082445048;1.7747747813066794;1.058
15.02.2022  01:23:10;4.796368831383658;1.733101062091182;1.058
15.02.2022  01:24:10;4.816309626248029;1.5948336638585559;1.058
15.02.2022  01:25:10;4.8362765034034085;1.6914996991103535;1.058
15.02.2022  01:26:10;4.856269499270261;1.772069437797834;1.058
15.02.2022  01:27:10;4.876288650289596;1.7494078854275044;1.058
15.02.2022  01:28:10;4.896333992734252;1.5816329524227888;1.058
15.02.2022  01:29:10;4.916405562345701;1.7838478006210237;1.058
15.02.2022  01:30:10;4.936503395310116;1.8003860623013963;1.058
15.02.2022  01:31:10;4.9566275285263375;1.824290298511691;1.058
15.02.2022  01:32:10;4.976777998687451;1.6166137350180982;1.058
15.02.2022  01:33:10;4.996954842243714;1.6968473654175718;1.058
15.02.2022  01:34:10;5.017158095330786;1.7064793294149434;1.058
15.02.2022  01:35:10;5.037387794026818;1.7160130842310608;1.058
15.02.2022  01:36:10;5.057643974796732;1.7747522488596437;1.058
15.02.2022  01:37:10;5.0779266741918745;1.788805543216195;1.058
15.02.2022  01:38:11;5.098235928396941;1.991245902570189;1.058
15.02.2022  01:39:11;5.1185717731924605;1.8017281054560044;1.058
15.02.2022  01:40:11;5.1389342449456095;1.6488459572733203;1.058
15.02.2022  01:41:11;5.159323383024446;1.7833158434501084;1.058
15.02.2022  01:42:11;5.179739224681966;1.7061544023046444;1.058
15.02.2022  01:43:11;5.20018180309618;1.7388082482561602;1.058
15.02.2022  01:44:11;5.2206511519209045;1.8638038774203503;1.058
15.02.2022  01:45:11;5.2411473052660655;1.6694653981153404;1.058
15.02.2022  01:46:11;5.261670301732093;1.9260602101205084;1.058
15.02.2022  01:47:11;5.282220190116271;1.6683250959018083;1.058
15.02.2022  01:48:11;5.302797008785837;1.8681170483105165;1.058
15.02.2022  01:49:11;5.323400782007792;1.700531941114117;1.058
15.02.2022  01:50:11;5.3440315385948525;1.7581478400294208;1.058
15.02.2022  01:51:11;5.364689311959805;1.7510553069068726;1.058
15.02.2022  01:52:11;5.385374147749998;1.7060649864088209;1.058
15.02.2022  01:53:11;5.406086107689211;1.7662571971912255;1.058
15.02.2022  01:54:11;5.426825230579133;1.8935259991104147;1.058
15.02.2022  01:55:11;5.447591533127273;1.9163971792141237;1.058
15.02.2022  01:56:11;5.468385046116904;1.888795239950505;1.058
15.02.2022  01:57:11;5.489205814625226;1.6538719874335623;1.058
15.02.2022  01:58:11;5.510053892092044;1.9062316191601874;1.058
15.02.2022  01:59:11;5.530929312879191;1.5514660982131319;1.058
15.02.2022  02:00:11;5.55183209820173;1.7725455140253359;1.058
15.02.2022  02:01:11;5.5727622688824665;1.9615361491136656;1.058
15.02.2022  02:02:11;5.593719830638925;1.7942293121623711;1.058
15.02.2022  02:03:12;5.614704773810126;1.971963769887375;1.058
15.02.2022  02:04:12;5.63571714296478;1.8254869985751239;1.058
15.02.2022  02:05:12;5.656757151746445;1.8495897565935149;1.058
15.02.2022  02:06:12;5.677824914587116;1.7917804308903376;1.058
15.02.2022  02:07:12;5.698920361004698;2.0362087724349247;1.058
15.02.2022  02:08:12;5.720043463638121;1.9867618314157391;1.058
15.02.2022  02:09:12;5.741194238951079;1.8608742431410759;1.058
15.02.2022  02:10:12;5.762372744876736;1.8542170650416838;1.058
15.02.2022  02:11:12;5.783579040800547;1.8768136412841958;1.058
15.02.2022  02:12:12;5.804813162782851;1.8264247513510141;1.058
15.02.2022  02:13:12;5.8260751428115;1.7892573354225947;1.058
15.02.2022  02:14:12;5.84736501553414;1.7777997050638537;1.058
15.02.2022  02:15:12;5.868682818281268;1.8925355931606678;1.058
15.02.2022  02:16:12;5.890028589959081;1.8392967295556137;1.058
15.02.2022  02:17:12;5.91140236749931;1.806660935735576;1.058
15.02.2022  02:18:12;5.932804187804305;1.8863490393507443;1.058
15.02.2022  02:19:12;5.954234089799536;1.9163308989188763;1.058
15.02.2022  02:20:12;5.975692112097194;1.7907882946586684;1.058
15.02.2022  02:21:12;5.997178292971485;1.898761619009601;1.058
15.02.2022  02:22:12;6.0186926702200925;1.8855389997208838;1.058
15.02.2022  02:23:12;6.040235281382794;1.9328020521827074;1.058
15.02.2022  02:24:12;6.061806164481815;2.087760197538791;1.058
15.02.2022  02:25:12;6.083405357949778;1.9339812222238548;1.058
15.02.2022  02:26:12;6.1050329001523655;1.8956489056367205;1.058
15.02.2022  02:27:12;6.126688829368791;1.9628998982939392;1.058
15.02.2022  02:28:12;6.148373183824187;1.9156864262540056;1.058
15.02.2022  02:29:13;6.1700860018476975;1.9388156082157744;1.058
15.02.2022  02:30:13;6.191827321831457;1.9545346181415257;1.058
15.02.2022  02:31:13;6.213597182154179;1.9143972944911036;1.058
15.02.2022  02:32:13;6.235395621253456;1.9260407963984458;1.058
15.02.2022  02:33:13;6.257222677609287;2.0053837314850953;1.058
15.02.2022  02:34:13;6.279078389762085;2.0186802966910737;1.058
15.02.2022  02:35:13;6.300962796337245;1.8288859014460743;1.058
15.02.2022  02:36:13;6.322875935959692;1.8927050232161966;1.058
15.02.2022  02:37:13;6.344817847249439;1.8299975376541906;1.058
15.02.2022  02:38:13;6.36678856889318;1.9642629446814661;1.058
15.02.2022  02:39:13;6.388788139628885;1.9398942168492217;1.058
15.02.2022  02:40:13;6.410816598247243;1.9563834831512774;1.058
15.02.2022  02:41:13;6.432873983595081;2.121578501968322;1.058
15.02.2022  02:42:13;6.454960334540809;1.9041876972613605;1.058
15.02.2022  02:43:13;6.477075689981687;2.019444281016675;1.058
15.02.2022  02:44:13;6.49922008887261;1.9195223237880077;1.058
15.02.2022  02:45:13;6.521393570211457;1.9693113135369784;1.058
15.02.2022  02:46:13;6.543596173041898;2.00424799646789;1.058
15.02.2022  02:47:13;6.5658279364645225;1.9721379306899056;1.058
15.02.2022  02:48:13;6.588088899608399;1.9004933247873952;1.058
15.02.2022  02:49:13;6.610379101633486;1.8718271463006944;1.058
15.02.2022  02:50:13;6.632698581755547;2.1027950451932087;1.058
15.02.2022  02:51:13;6.655047379232305;2.0699028690317074;1.058
15.02.2022  02:52:13;6.67742553337486;1.9500955422487294;1.058
15.02.2022  02:53:14;6.699833083561964;1.9484170280917124;1.058
15.02.2022  02:54:14;6.722270069191067;1.9163348949401962;1.058
15.02.2022  02:55:14;6.744736529679386;2.0125704256502277;1.058
15.02.2022  02:56:14;6.767232504503324;1.9704697869892642;1.058
15.02.2022  02:57:14;6.789758033185423;2.060602547585447;1.058
15.02.2022  02:58:14;6.812313155313791;2.030842996308045;1.058
15.02.2022  02:59:14;6.834897910552443;2.1278235084464634;1.058
15.02.2022  03:00:14;6.857512338570955;1.9819579680910981;1.058
15.02.2022  03:01:14;6.880156479049061;2.1129249432783284;1.058
15.02.2022  03:02:14;6.902830371729895;2.1241218786775713;1.058
15.02.2022  03:03:14;6.9255340564077175;2.1505526691072165;1.058
15.02.2022  03:04:14;6.948267572952647;2.069613963092363;1.058
15.02.2022  03:05:14;6.971030961314385;1.9563002508945544;1.058
15.02.2022  03:06:14;6.993824261438212;2.02200505377127;1.058
15.02.2022  03:07:14;7.016647513274934;2.073081666246982;1.058
15.02.2022  03:08:14;7.039500756841946;2.1604263286406353;1.058
15.02.2022  03:09:14;7.062384032211666;2.067626594815247;1.058
15.02.2022  03:10:14;7.085297379539802;2.106414028473298;1.058
15.02.2022  03:11:14;7.108240839062648;2.03390046483946;1.058
15.02.2022  03:12:14;7.131214451005421;1.8448484771482734;1.058
15.02.2022  03:13:14;7.154218255597477;2.1872988206250596;1.058
15.02.2022  03:14:14;7.177252293136963;1.7764967000912641;1.058
15.02.2022  03:15:14;7.200316603979901;2.0046837733307816;1.058
15.02.2022  03:16:14;7.223411228571622;2.071695768870277;1.058
15.02.2022  03:17:14;7.246536207438276;2.1198458013243946;1.058
15.02.2022  03:18:15;7.269691581089523;2.1299847445921936;1.058
15.02.2022  03:19:15;7.292877390038746;2.1828292682413326;1.058
15.02.2022  03:20:15;7.316093674870049;1.9463586708567056;1.058
15.02.2022  03:21:15;7.339340476227926;2.0740085151737326;1.058
15.02.2022  03:22:15;7.362617834864372;2.1090385289167672;1.058
15.02.2022  03:23:15;7.385925791591301;2.0748776587569715;1.058